id,random,f3sid
998,81,QWGVRV9
999,16,QWGCRCW
1000,94,PXFCQ52
1001,65,CM628QW
1002,48,H488PFQ
1003,38,574X9RP
1004,34,36RX53Q
1005,42,6C327XR
1006,79,H48HPXW
1007,12,H4FQPRP
1008,7,CM7G83P
1009,37,8HJHFF8
1010,44,W2R63XM
1011,56,W2R73X5
1012,5,FPV4G6M
1013,3,364C5VP
1014,57,6C5H7MQ
1015,94,VG64CFH
1016,82,PXG7Q5V
1017,93,7894JXQ
1018,16,H4FJP3P
1019,13,GQC7MFR
1020,30,H4FCP56
1021,64,VG62CQW
1022,0,45PPXW3
1023,86,9JW32PV
1024,13,57X39H8
1025,63,PXGPQMV
1026,54,8HVGF5W
1027,18,JF68V96
1028,59,PXMXQMQ
1029,59,QWH3RF2
1030,86,CMJP894
1031,70,H4G3PWJ
1032,82,X9RJWQ8
1033,43,36X85CR
1034,73,VG74CQ9
1035,39,GQ89M59
1036,47,8HV5F5X
1037,72,H4GJPW9
1038,7,JF63V76
1039,32,W24P3F7
1040,15,QWHGRJW
1041,90,MRF8HFC
1042,59,H4GGPWF
1043,67,45QRXVX
1044,17,X9RXW3J
1045,50,36W95C7
1046,30,CMVG8CM
1047,81,GQFQMW3
1048,7,CMVH83P
1049,29,R3Q9464
1050,26,CMVQ8C3
1051,13,QWP2RQW
1052,88,W2XC3P4
1053,23,36WF53G
1054,43,W2XF3X3
1055,92,R3QC4RG
1056,94,GQF6MW6
1057,67,9J5R24V
1058,80,R3QG4RR
1059,42,H4M8PFX
1060,3,VGJ6CQ5
1061,64,VGJ7CQW
1062,44,2V99684
1063,4,H4MHPXP
1064,88,6C6J7RJ
1065,97,W2W933X
1066,27,VGVGCVP
1067,83,4549XGC
1068,54,FPFRG39
1069,48,QWQ9R25
1070,2,CMCR8GP
1071,71,9J9G24F
1072,58,454VXV6
1073,6,FPF5G4M
1074,62,8H85F7C
1075,41,PXPVQQM
1076,41,X9XMW7V
1077,89,8H86F6Q
1078,41,QWQGR2F
1079,48,PXPGQQ6
1080,62,454QXV8
1081,62,R3RQ4VQ
1082,61,R3RR4VR
1083,34,W6553FH
1084,88,68JV7RJ
1085,81,CHFM89R
1086,95,FQMQG6G
1087,29,8PGQFF2
1088,11,X237WRJ
1089,68,Q342RF8
1090,23,X23VWCQ
1091,18,R5XJ49H
1092,25,FQM5GX4
1093,28,GRH2M92
1094,96,GRH6M39
1095,64,5J2Q96W
1096,21,X23HWC7
1097,3,49WHXV3
1098,40,R5XH4MM
1099,21,49WQX6P
1100,40,9V652MM
1101,15,PWRPQPR
1102,20,493WX66
1103,88,2CJJ6QW
1104,17,X259W3J
1105,1,CHGH8CP
1106,23,9V7C22P
1107,54,68VG7XC
1108,48,PW49QQ6
1109,59,Q3X6RF2
1110,55,JG8RVP8
1111,22,493CX6V
1112,78,4938XGP
1113,58,8PM9F7F
1114,29,GRP7M9P
1115,11,Q3XFR8W
1116,60,W69Q3JJ
1117,59,CHG78QG
1118,84,9V732P5
1119,87,CHGV89M
1120,30,HXRHP56
1121,4,VMG8CF5
1122,78,GRQPMW5
1123,13,376652P
1124,65,Q3W3RFP
1125,36,JGFMV48
1126,43,9VJ82MQ
1127,66,VMGQCQ6
1128,95,GRQ3M3V
1129,45,JGFRVP7
1130,14,7F8RJ9V
1131,70,HX47PWJ
1132,23,CHM58C9
1133,81,PWXCQ5H
1134,86,8PH6F62
1135,73,CHM68QV
1136,89,R53H4R5
1137,64,X29RWV9
1138,73,8PHCF7W
1139,81,4954XG8
1140,73,Q334RFC
1141,25,CHHG8CX
1142,5,688C79P
1143,15,37775QP
1144,35,5JJV993
1145,30,377V53X
1146,7,VMMQCW5
1147,35,7FFPJPR
1148,73,GRR5M7J
1149,43,688Q7X9
1150,29,FQQ9GXQ
1151,92,2CCR6QM
1152,34,Q338R3J
1153,63,377Q5V4
1154,72,Q33GRFJ
1155,59,GRRCM75
1156,39,Q33HR23
1157,44,X224W78
1158,84,9VV92P5
1159,45,7FGVJFC
1160,47,M4XQHWJ
1161,5,CHPM8RP
1162,11,4929X53
1163,51,VMHHCX7
1164,27,X267WCX
1165,0,8PQ4FJR
1166,85,68FH7RV
1167,40,M4X9HWW
1168,92,W67F3PV
1169,44,7FG4JFG
1170,72,PW3VQMP
1171,33,Q358R3M
1172,0,2C8X66F
1173,34,VMH2CVM
1174,87,68F57R8
1175,28,GR48M92
1176,4,7FG6JXV
1177,46,VMHVCXP
1178,13,8PRGFQR
1179,11,X275WRJ
1180,58,R5234V6
1181,15,PW5WQPR
1182,54,8PRQF5W
1183,84,HX33PXC
1184,48,68GM7XG
1185,51,8PRXF5Q
1186,59,HX32PWF
1187,45,W6JF3X6
1188,1,4968X63
1189,79,Q39CRVF
1190,16,FQ46G9M
1191,96,W6JP33F
1192,35,R52M46G
1193,54,VMP6CX9
1194,77,68G97RF
1195,25,9V8522X
1196,26,PW5PQX7
1197,13,7FHVJ4V
