id,f3sid
1,43X9FH3
2,VGCV4CF
3,JGV5PW6
4,CP8C956
5,CQ8C3WQ
6,2G6P99H
7,XVWCCHW
8,6P7FM93
9,P7Q6WGR
10,JXV82J6
11,2R6RXHF
12,9R22GG7
13,C28CGV4
14,PFQMQ6R
15,J2V44MX
16,QHR43QW
17,MGHQ369
18,GGM954F
19,W953VMX
20,RWW46XMJ
21,RW346W43
22,FHQGX629
23,CGP8CCW2
24,97828RJ
25,97F22PPF
26,CG48H9R
27,97M22XMP
28,HR6P57Q
29,FH9GX24Q
30,CG585J9
31,2J46PH2P
32,32Q52QX
33,56499675
34,P4GQ8WM
35,GP8MCWW
36,QXPRP77
37,HRHP5GH6
38,MRPHWWG
39,2VJ69X4
40,R334X2X
41,QW3R3RVH
42,452XHX2
43,9J82MXV
44,X9JWPP3
45,QW6R6V5
46,FP3GXXP7
47,45CX6W89
48,PXJQXJWW
49,R3846R28
50,2V468MX
51,57R99XHQ
52,FPJGXXFH
53,VG6C3J4
54,FPCGX6X9
55,MRGHXW9
56,X9XWCV26
57,49WX8PW
58,5J69QHM
59,PWXQX7X8
60,8PPFF6Q4
61,Q35R293
62,496X6CRC
63,VMQCVPFJ
64,VMRCVGQ4
65,W683F3W4
66,VMXCVXF2
67,CH38R8C
68,HXJP5834
69,X2MW5HG
70,W6P3WC4
71,5J499M2F
72,2C36P67
73,9V32PW8
74,W6X3HC3
75,7F7JPFC4
76,R9X455C
77,7GCJP9V
78,5V799MX6
79,P3WQ6PF
80,422X7X6
81,G4XMJPG
82,427X7HQ
83,28M69WW
84,7GQJ648
85,9CH22PMF
86,9CP28FP
87,MX7HH29
88,8Q2FV23
89,MXVH35P
90,8Q7FWQC
91,5VX9JM6
92,3JX547C
93,FR8GPCG
94,G4GM33J
95,R2X46V2R
96,P54QXCG
97,8RHFVPG
98,VPMCJ96
99,P53QVHR
100,466X4PX
101,GXWMCP2
102,P52Q6GC
103,VP4CM42
104,WJF35CW
105,98P2MC8
106,VP3C22W
107,GX7M9C78
108,7M3J9HF
109,X7PWQV4
110,8RJFF8W
111,X7RWC9F5
112,WJX3JJR
113,CQC8VMP
114,JPCVX9X
115,84MF65R
116,R634C22
117,CRH8V93
118,Q25R764
119,2GF6PC5X
120,2GG67R6
121,VQRCCMP
122,M39HGRH
123,3CG5HGV
124,P9JQG49
125,849F5P7
126,VQ5CVFGF
127,GWJMJ67
128,7H5JFWP
129,FXVG7C7
130,H5GP3MH
131,H5MP5245
132,R6R46MG
133,Q64R3P39
134,8XMFQJX
135,C4M832P
136,R754VWX
137,2M86P4H7
138,G3XM9WHP
139,G3WM9W6
140,WCC3FF7X
141,P26QXV62
142,VRXC2X6
143,VRWCRQC
144,5FP9VVG
145,9GR229F2
146,H9CPHRJ
147,9GX2HR4
148,C478X7P
149,FWCGCXH
150,8XCFF3X2
151,9G9222HH
152,3F953F2H
153,CXG8CC5F
154,F3PGV6M
155,V4MCVVR3
156,6PF7FFWF
157,4V6XXP7
158,4V7XV2V
159,P62QXJPP
160,V44C2WG
161,M92HQQ8
162,CX38C9RF
163,6P47GV2
164,7QWJ27V
165,W8P37JC
166,H28P5VG9
167,2H36XPF
168,Q7HRQ45
169,F38GQHH
170,7Q7JC3M
171,RVX47CG
172,2PJ6Q83
173,G9QMWWC
174,83PFF67H
175,G94M7CF
176,F54G9HV
177,2PG6PMH
178,RV748GC
179,X8CWCVH5
180,833FG8V
181,P7JQXXFV
182,M27H5R6
183,VX5CVF2H
184,7R3JP3H4
185,9HX2PJ9
186,H6FPQXF
187,X8RW9P9
188,H6MPJ3V
189,QJQRHHP
190,PJRQ223
191,H7RPVCJ
192,2QV6XFX
193,QV3RHQC
194,74GJ68P
195,PJ5Q2VG
196,QV2R9RX
197,M65HWFX
198,VW4CVV8F
199,QVJR3P28
200,M66HRG37
201,3MH5WH8
202,M6JHG6J
203,48MX796
204,857F7VF
205,3M4538XC
206,RCP46X8V
207,6R27FXCV
208,PJPQXQ6W
209,89GFWJG
210,C5G8CQFV
211,WM23M8Q
212,C5H8JG4
213,9QC22C3H
214,7XMJPXWJ
215,M73HCGM
216,M75HH4Q
217,89WFHJ2
218,JW4V434J
219,G62M2F8
220,QCCRR73
221,M7JHFMJ
222,HJCP8RM
223,WMQ3FJPV
224,9QW2254F
225,89VF46J
226,PVHQGM6
227,9Q925GX
228,F6MG85X
229,XM5WCCW6
230,PCXQMFQ
231,XM2WC8X7
232,82QFF3C5
233,RF24859
234,PC9Q67W
235,F6WG2J2
236,F63GX6Q9
237,7WRJH7R
238,G72MCG3
239,7WXJPP7Q
240,2446876
241,G7JMXC9
242,RFM4CRG
243,9RW22MQX
244,PCMQ6F7
245,6X27F3QQ
246,PCPQM4Q
247,6WJ7MH5
248,2XJ69H6
249,86HFFMV7
250,C2H8CGR4
251,MVXHQPR
252,RG243W9
253,MV3HRRPQ
254,WPC3M26
255,C2X84J2
256,GJ9MWM3
257,J5XVG47
258,2XR6C4Q
259,HCVP9Q4
260,MVVH432
261,QFGR26M
262,2X36CX9
263,J56V93J
264,WPX3FM75
265,WPW3H2X
266,V28CJF8
267,GVPM9H58
268,QGWRCCC
269,XP2W753
270,J9MV4VQC
271,MCWHRP8G
272,3RC53R7W
273,MC5HRFWG
274,FJ3GJ6J
275,QGJR7PC
276,XPFWMC3
277,4HFXV44
278,2W46MWP
279,C628XH4
280,MCCH5JC
281,GVCM32G
282,MCFHQMX
283,5439WX3
284,C6C8C93J
285,FVMGXG73
286,GCPMG63
287,M8RHRV2X
288,8JPFFM5H
289,XQ6WCJJ
290,WRJ3PWW
291,4P7XGR5
292,FVWGX5R
293,5XG99JC2
294,GC9M8HQ
295,M86HR24W
296,GC6M747
297,J23VJ2V
298,J25V9P4
299,C768396
300,M88H274
301,PGMQ9MH
302,8JCFFMW6
303,WRW3FF9Q
304,V78C942
305,69V7F478
306,RP346W6V
307,25C6P28
308,PM3Q3PQ
309,QH9RXR9
310,CJR8MX5
311,MF5HRM6Q
312,4QVXMF3
313,RPV46W4V
314,8V5FMFW
315,5WP99V92
316,W4H3V46
317,8V6FXQJ
318,J69V4R3R
319,G8CM7M3
320,XRRW872
321,4QRX684P
322,CJC8CG5X
323,95622XR5
324,29J6Q7W
325,62C7R4P
326,VJMCC9X
327,MGXHH6Q
328,X47WCV7
329,QP2RH8Q
330,F8WG8JV
331,X4CWGWH
332,29P68X3
333,QPVRFJ7
334,53P9WVM
335,GF7MHQ6
336,HMCP5GQ7
337,8C7FX99
338,J72V4CV
339,295686P
340,RQQ4FXH
341,RQR4929
342,FFMG5J9
343,443XXRW
344,HH4P5W2C
345,99V2HPM
346,VVHCV34J
347,88RFFMQ7
348,XXJWC7M2
349,GG3M9V2W
350,JJRV4RRM
351,WWF37P6
352,CC38XFH
353,CC587HM
354,66X7FMFC
355,773JWRM
356,775JW6M
357,MM8HRFRJ
358,QQHR2R9
359,2296PQ33
360,RRR4M24
361,CGFF8CG46
362,MQPQHWW2
363,6VJC7F438
364,6VJ87C58
365,6VJF73WH
366,P4R5QX7C9
367,976F22CH4
368,CGF48353
369,8MGWFFFHQ
370,2J7P6P6CJ
371,VF8WCFPW
372,8MG9FF55C
373,562Q99M5Q
374,7CV3J95G
375,329R53R38
376,P4RGQ8V2
377,W9543H7J
378,8MGCFP57
379,W95W3XVM
380,566297P4
381,322253FR8
382,X559WQMW
383,W9963WPW
384,566V99R3V
385,RWW246RC7
386,HRR5P22C
387,6VVH7CH2
388,8MMWF734
389,QXXJR393C
390,J88XV275
391,977Q2R69
392,CGG985JC
393,J885VGPV
394,GPPVM9VM3
395,7CC9JM38
396,322X5Q7J
397,HRRMP5XF6
398,VFFVCVVPH
399,X593W3Q9
400,8MHMFFJ3P
401,56779MC5
402,P4XWQ2MX
403,326J559X
404,7C8MJPCMW
405,P4X9QX5V
406,P4X2Q82F
407,CGMX8VJ3
408,HR46P5WV7
409,FHP9G893
410,J8FWVM7C
411,RW3F44FG
412,P4X8QXH7F
413,FHPJGXH4Q
414,326454GC
415,CGMJ8XQF
416,326W5CC7
417,J8FJVX2H
418,RW5X4P9X
419,CGHG8VGQ
420,W9623RMQ
421,MQ44HRPR5
422,X526W7RC
423,VFMPC9JV
424,CGHR8C3H6
425,8MPXFHMV
426,97VM2F4W
427,VFMXCVQHH
428,P4WJQ2W2
429,RW584V2W
430,HRXVPQV9
431,8MP6F59J
432,8MP7FFHVG
433,MQ48HG3H
434,8MPVF33H
435,CGHV8CXF2
436,7CF7JPPWF
437,7CGVJPPJW
438,VFHFCCQX
439,HRW4PW2Q
440,97CV283J
441,P433Q745
442,4326XP7R
443,2J8G65J6
444,X56VWCXWV
445,56VG9RVP
446,VFHXCJVV
447,6VFR7C4R
448,X56GWCC44
449,P43CQP92
450,7CG3JPJHP
451,56V49Q5
452,HRWFP2XX
453,P43MQ3Q9
454,FHR8GWJ
455,97C922CQR
456,8MRGFPG
457,7CMCJ53H
458,CGQM8CG8M
459,GPXRM4J8
460,2JF86R7Q
461,X577WCPM
462,CGQR8J6H
463,978G224GG
464,7CMQJP2W
465,32VG5W5X
466,CGQ38M7F
467,GPX6M9Q6X
468,HR3VP5V76
469,J8H5V29
470,8MR7F54F
471,QX9MRX8J
472,HR3GP5VC5
473,GPXFM5M9
474,VFPVCFXC
475,8M4GFPVW
476,HR5RP2X9
477,VFQGC62Q
478,4379X8JG
479,CGRP8CCCW
480,4376X97
481,568899V7H
482,X5JVWXP6
483,2JGH6PPJ5
484,CGRW8M66
485,FHX9GX3G5
486,HR5JPJ3F
487,MQ3JHWQC
488,8M46F7QJ
489,FHXJGJ3
490,HR5FPX8J
491,X5JRWC9GM
492,W9VX3F6Q6
493,QX2QRP7J
494,HR9QPRMW
495,J8Q8V44CW
496,MQ5RHR2XM
497,W9C63876
498,MQ5XHR4Q
499,X5V7W594
500,W9CV337C
501,QX66RJ7J
502,43JVX6GJ2
503,P427Q7WP
504,8MX5FF7V5
505,7CPXJCF9
506,FHW6GP5J
507,HR9CP5G4Q
508,CG468CRHF
509,RW7H4FR
510,P42MQXC5G
511,43JRXRRF
512,CG4C85GW
513,VF48CVX96
514,8MWMFFHX2
515,MQ9RHJ9
516,RWJ54MFM
517,6VPF73F
518,2JHF6PCC4
519,FH3XGXH4F
520,QX76R33P3
521,P466QX26
522,97MH2XJ8
523,MQ96H6WC
524,56GP95HC
525,W98H3HW8
526,P468Q849
527,MQ9CH6R8
528,FH3VGP66
529,X5CRW5V8
530,VF4JCVFV
531,CGXC8CRWW
532,W9F53HQ
533,CGWG88XQ
534,32G653395
535,8M3PFF78P
536,MQ2XHQ3F
537,X587W78X
538,J84PVXJG
539,43CJXG7Q
540,HR62P7C7
541,56MM99WGP
542,HR67P476
543,97HQ2R63
544,P47CQGCM
545,CGW28529
546,43CHXPMJ
547,W9FR3FP9X
548,CGWJ8V76
549,QXJPRP9C
550,J84JV87R
551,MQ6PHV4P
552,X5F5WX9M
553,VFWGCM4F
554,8M5PFF3VM
555,RWC9484J
556,MQ6WHR3R
557,GP2WM973W
558,GP23M3PH
559,QXV7R6M
560,RWCV46RX6
561,RWCC4RXR
562,MQ67HCQG
563,CG398CW4J
564,56HR9QFC
565,RWCM4J38
566,VFW6CMX
567,MQ6FHG7J
568,HR7MP5V3M
569,FH9FG2PV
570,J8WCVPH9
571,8M9MF4J
572,2JRV6P8PX
573,32H75Q78
574,P4V3Q9JG
575,FH24GW96
576,W9MV3778
577,VF3RCC24
578,8M9WFF7CW
579,GP69MMW5
580,MQ76H67M
581,MQ77HM4V
582,MQ7JHRXC
583,97Q42WF5
584,97QX2MJW
585,FH2VGH35
586,2JR568W5
587,43FRX6MGW
588,GP6GMGPX
589,32P954F2
590,8M2MFF7Q2
591,CG9M8V8X
592,P4CWQX5M6
593,32PJ5HX5
594,HRV3P5G94
595,CG9R8XJ9
596,X5MVW7PH
597,8M2WFH38
598,HRV6PM5W
599,CG938C9X4
600,8M29FMMC
601,43GGXVH6
602,P4C8Q7JG
603,6VX37G98
604,CG978QH5
605,97R3236P
606,VF5JC9RQ
607,8M28FF7P3
608,43MWXQ5W
609,RWGW4VQ7
610,P48XQXQPV
611,W9P63W85
612,FH7RGJGW
613,MQVWHRF4F
614,FH7XG8GR
615,MQV5HH23
616,8M6WFCH8
617,HRC6P5W9V
618,QXFVR52Q
619,CG258C57
620,2JX46PH58
621,GPJJMF32
622,2JXW634P
623,MQV8HM9
624,56RW99WVG
625,J857V5H
626,2JX26PVQ4
627,MQCPHRVC8
628,43H3X6MFW
629,FHJPGWH
630,7C5FJPFXQ
631,RWM94FGX
632,97X8234H
633,7C5HJXH
634,P4F2QV65
635,CG6X88CV
636,FHJ5GJGF
637,MQC6H75H
638,RWM84QQW
639,FHJ6GX6J3
640,564R9FX4
641,P4FFQXCM9
642,FHJVGX3J4
643,6V397F7X
644,97X522C35
645,CG6C83X2
646,FHVMG6F
647,X5Q5WPX7
648,8MJHFMF6
649,HRFXPV6X
650,CG7P8GW
651,HRF3P5W4V
652,43P7XGRC
653,97WG22C6P
654,8MJWFH77
655,GPC9M27F
656,W9RG3F9QM
657,GPC6M9W2H
658,8MJ2F2JC
659,7C93JPG44
660,CG768CXXR
661,HRFFP8QH
662,MQ8FH576
663,HRFMP58F5
664,X5QXW933
665,QXH4RVRR
666,973722X6J
667,8MVHF9C9
668,43Q9X254
669,P4M3QX5F3
670,32XV53G67
671,2J5G6PV9R
672,2J5M6J2R
673,CGJX8CXF2
674,CGJW8CQJM
675,CGJ386Q9
676,HRGJPQJ5
677,973R22VX
678,FHC7G74R
679,2J5W6PCQP
680,W94R3JJW
681,32XX56C2
682,HRGMP2JM
683,X5RXW5GQ
684,CGVF839W
685,W9X93F65W
686,GPFQMQW
687,7C6FJPJH8
688,QXP5RQ5R
689,HRM3PFG
690,FH8XGQFV
691,2J9M6P8X8
692,W9X838VP
693,CGVW8WW7
694,FH89GX238
695,QXPCRJHQ
696,MQGJHXMV
697,VFJ9C2H8
698,QXPGRQ4J
699,P4HGQX55J
700,X54RW33X
701,5633999P5
702,RWQR4MJ2
703,2J276GG9
704,565699JRF
705,7C78JQ4M
706,RWR54M25
707,8M8QFWR
708,FHF4GXXW2
709,W9WV3F9XJ
710,8M8XFFF52
711,2J2H63G6
712,X5X8W64X
713,565H923R
714,8M89F8P5
715,VFV5C4HW
716,FHF7GX8R3
717,J8J9VGMP
718,8M8JFF4X
719,P4PMQV7G
720,434RX6WGC
721,MQMMH7QJ
722,MRPPHGPC
723,JFC8VR8F
724,W2523F38C
725,2V7C68G2
726,9J6C2983
727,MRPWH22
728,FPMXG4QF
729,8HGXFGP2
730,2V7H6M4G
731,X938WRH3
732,H4Q7P729
733,MRP7H2FC
734,6CJX7HR7
735,GQHJM3F
736,R3XM46X6Q
737,MRP8HR33R
738,JFC6VF9V
739,45WRX6MXG
740,X93XWC4VG
741,X953WC758
742,9J7722X6J
743,3626534RQ
744,W2963FP79
745,W297338J
746,MRQWHRWXC
747,78CHJ9F2
748,453JXMP7
749,W2983V3W
750,W29F3RW3
751,9J7P2PVG
752,W29M3F6HR
753,PX4CQ68H
754,8HM6F6J8
755,GQPVM9HMC
756,R3WH4Q89
757,VGF7CWXV
758,QWXPR33QM
759,QWXQRVPG
760,MRRPH5J
761,H44RP7WC
762,VGGGC272
763,577J9J4M
764,8HHQFM24
765,FPP4GX6P3
